Case,Time
46381.0,1.3306327999998757
768479.0,18.999385817000075
9476407.0,156.6026168290009
36780481.0,50.181563490999906
