Case,Time
46381.0,1.3314819209990674
768479.0,18.961235468999803
9476407.0,196.4087526200001
