Name,Mean
46381,1.0663332248642397e-3
768479,8.32743726057588e-3
9476407,2.9297784602499446e-2
36780481,6.980810905099313e-2
562390847,0.2855184045617162
1894083629,0.4904632826149184
65398261921,4.933023100920471
364879542899,14.80668536414269
