Case,Time
46381,1.1456579505955992e-3
768479,2.2144163016939895e-2
9476407,0.22560667458709
36780481,1.1129181060774898
562390847,21.172003107216387
1894083629,76.62873491910527
