Case,Time
46381,4.2689910442611154e-4
768479,3.3982168548145042e-3
9476407,1.1755648370106122e-2
36780481,2.816555268246772e-2
562390847,0.11701152753866131
1894083629,0.21302555068774925
65398261921,2.174446341712347
364879542899,6.566012655545304
