Case,Time
46381,0.4128004880001299
768479,2.8119248450000214
9476407,9.626478794999912
36780481,23.124060957999973
562390847,87.51844314300001
1894083629,182.35744324100006
65398261921,1976.388882499
364879542899,5910.446785956001
