Name,Mean,MeanLB,MeanUB,Stddev,StddevLB,StddevUB
shanks/46381,1.1891799310078512e-3,1.176099664778602e-3,1.2139317208092785e-3,5.659714111639292e-5,3.503123075503231e-5,9.854405377573453e-5
shanks/768479,2.2717443827214384e-2,2.2440913975637175e-2,2.3985735008460168e-2,9.81673164624184e-4,3.3772187792388276e-4,1.9735901191734483e-3
shanks/9476407,0.2415741072771361,0.2297354462571767,0.25341276829709547,1.4251803798744139e-2,9.309315202971855e-3,1.6815743866423826e-2
shanks/36780481,1.0914347222847363,1.0766467863394429,1.1014632575066088,1.504927866901984e-2,0.0,1.7369932529777237e-2
