Case,Time
46382,1.9591769362882837e-2
768480,3.6122111058843777e-4
9476408,0.4803042476172554
36780482,14.757175866367263
562390848,9.333444541312191e-3
1894083630,34.481108898811726
65398261922,27.757905158533948
364879542900,0.48347556425617727
8590365927554,52.30254562131171
28564333765950,58.28670720339505
12345678910112,53.585833603867336
