Case,Time
46381,0.3579704980002134
768479,0.004651941999327391
9476407,15.998653831004049
36780481,677.4391772469971
562390847,0.17059192699525738
