Case,Time
46381,0.0126330830007646
768479,0.012341825999101275
9476407,0.011496504999740864
36780481,0.009946539999873494
562390847,0.021138547999726143
1894083629,0.015936497000438976
65398261921,0.01877926999986812
364879542899,0.01658457899975474
8590365927553,0.015868268001213437
28564333765949,0.01721825399908994
12345678910111,0.01790718199845287
