Case,Time
46381.0,0.01364959300008195
768479.0,0.013465224001265597
9476407.0,0.012231088001499302
36780481.0,0.011280549000730389
562390847.0,0.02301192399863794
1894083629.0,0.016950978000750183
65398261921.0,0.019059160000324482
364879542899.0,0.017677768000794458
8590365927553.0,0.01699001999986649
28564333765949.0,0.018745418999969843
12345678910111.0,0.01923267699930875
