Time,Case
46381,8.995955499995035e-05
768479,8.27229950000401e-05
9476407,8.876409100003003e-05
36780481,0.0002791327990000809
562390847,0.00011205489799999668
1894083629,0.0002028075840000838
65398261921,0.0004487186129999827
364879542899,0.00019337810299998638
8590365927553,0.0007278873309999198
28564333765949,0.00035280625299992607
12345678910111,0.00024220195299994883
