Time,Case
46381.0,0.00018223054400004913
768479.0,0.00017194318200017733
9476407.0,0.00018725407400052064
36780481.0,0.0005285383760001423
562390847.0,0.00022025515700079267
1894083629.0,0.00038583308399938685
65398261921.0,0.0008243355599988718
364879542899.0,0.0003664289699991059
8590365927553.0,0.0012850072000001093
28564333765949.0,0.0006197451520001777
12345678910111.0,0.00041397296399918557
