Case,Time
46381,2.164096037228918e-10
768479,2.204561799002612e-10
9476407,2.2164374570518792e-10
36780481,2.2191772231338636e-10
562390847,2.1995767080573207e-10
1894083629,2.2124875423592825e-10
65398261921,2.1469126796989132e-10
364879542899,2.1440642367504348e-10
8590365927553,2.1467963749835356e-10
28564333765949,2.2505898513013236e-10
123456789101119,2.1446860181830447e-10
