Case,Time
46381,6.551719593790404e-10
768479,6.564935272341156e-10
9476407,6.549970010225755e-10
36780481,6.548092542723119e-10
562390847,6.555269613694252e-10
1894083629,6.559115671904504e-10
65398261921,6.555677258610679e-10
364879542899,6.549721948630522e-10
8590365927553,6.55089493528559e-10
28564333765949,6.567330667277992e-10
123456789101119,6.872161439770242e-10
