Case,Time
46382,5.199680508810923e-8
768480,5.3467740806089654e-8
9476408,5.432563465218297e-8
36780482,5.396461784189802e-8
562390848,5.255666742344217e-8
1894083630,5.242046643601728e-8
65398261922,5.4326292538989875e-8
364879542900,5.455621805187208e-8
8590365927554,5.3604461564548974e-8
28564333765950,5.317839855928422e-8
12345678910112,5.128239665287093e-8
