Case,Time
46381,3.955224794863502e-5
768479,3.5022830892791004e-5
9476407,4.369861240279487e-5
36780481,3.916953356507159e-5
562390847,4.755876471760634e-5
1894083629,5.007251449520747e-5
65398261921,2.859444538435295e-5
364879542899,4.6120367386552447e-5
8590365927553,1.0320098307114341e-4
28564333765949,8.023154129059982e-5
123456789101119,6.35537515913564e-5
